Model,List of used features,RMSE_train,RMSE_valid,MAE_train,MAE_valid,r2_train,r2_valid,expl_variance_train,expl_variance_valid,corr_coef_train,corr_coef_valid,VIFs
LinearRegression(),"['log_Area', 'Manhattan_distance', 'District_Zuid-Oost', 'District_the_rest']",254991,271648,113027,102456,0.8507889097256401,0.788446599852809,0.8518550179637656,0.7940297649285122,0.9108,0.9245773401942446,"[3.95, 8.35, 3.17, 3.66]"
LinearRegression(),"['log_Area', 'Manhattan_distance', 'District_Nieuw-West', 'District_Noord', 'District_Oost', 'District_West', 'District_Zuid', 'District_Zuid-Oost']",223299,270236,99814,92048,0.8690281639364893,0.7906397623480824,0.8698046302048368,0.7968029102319318,0.9184,0.94708139766489,"[5.5, 12.58, 3.5, 2.71, 2.05, 1.79, 2.01, 5.16]"
LinearRegression(),"['log_Area', 'Manhattan_distance', 'Region_1', 'District_Zuid-Oost', 'District_the_rest']",190342,271648,99256,102456,0.8507889097256403,0.7884465998528082,0.8518550179637655,0.7940297649285114,0.9022,0.9245773401942446,"[3.87, 8.24, inf, inf, 4.09]"
LinearRegression(),"['log_Area', 'Manhattan_distance', 'Region_1']",285246,272621,124044,101860,0.846804121413208,0.7869278162404919,0.8478114804717192,0.7920992515354173,0.9023,0.9208424036420935,"[4.15, 6.1, 2.06]"
LinearRegression(),"['log_Area', 'District_Zuid-Oost', 'District_the_rest']",268775,335543,138528,137928,0.782330300975385,0.6772231931592106,0.783123287243381,0.6876276515536367,0.8662,0.8588427747681693,"[2.97, 1.26, 2.71]"
LinearRegression(),"['log_Area', 'Manhattan_distance']",202341,269732,108047,101547,0.8463600465938887,0.7914207449892824,0.847386941703177,0.7965261445957308,0.889,0.9212960771449576,"[3.65, 3.65]"
