Model,List of used features,RMSE_train,RMSE_valid,MAE_train,MAE_valid,r2_train,r2_valid,expl_variance_train,expl_variance_valid,corr_coef_train,corr_coef_valid,VIFs
LinearRegression(),"['log_Area', 'Manhattan_distance', 'District_Zuid-Oost', 'District_the_rest']",225837,271648,106479,102456,0.8507889097256401,0.788446599852809,0.8518550179637656,0.7940297649285122,0.9156,0.9245773401942446,"[3.81, 8.34, 3.13, 4.33]"
LinearRegression(),"['log_Area', 'Manhattan_distance', 'District_Nieuw-West', 'District_Noord', 'District_Oost', 'District_West', 'District_Zuid', 'District_Zuid-Oost']",223732,270236,98167,92048,0.8690281639364893,0.7906397623480824,0.8698046302048368,0.7968029102319318,0.9142,0.94708139766489,"[6.99, 12.98, 3.82, 2.81, 2.21, 1.88, 2.47, 5.38]"
LinearRegression(),"['log_Area', 'Manhattan_distance', 'Region_1', 'District_Zuid-Oost', 'District_the_rest']",177163,271648,98980,102456,0.8507889097256403,0.7884465998528082,0.8518550179637655,0.7940297649285114,0.9134,0.9245773401942446,"[3.82, 8.77, inf, inf, 3.98]"
LinearRegression(),"['log_Area', 'Manhattan_distance', 'Region_1']",220496,272621,101764,101860,0.846804121413208,0.7869278162404919,0.8478114804717192,0.7920992515354173,0.8952,0.9208424036420935,"[3.87, 5.5, 1.9]"
LinearRegression(),"['log_Area', 'District_Zuid-Oost', 'District_the_rest']",254188,335543,124477,137928,0.782330300975385,0.6772231931592106,0.783123287243381,0.6876276515536367,0.8582,0.8588427747681693,"[2.71, 1.19, 2.52]"
LinearRegression(),"['log_Area', 'Manhattan_distance']",205065,269732,101122,101547,0.8463600465938887,0.7914207449892824,0.847386941703177,0.7965261445957308,0.9013,0.9212960771449576,"[3.34, 3.34]"
