Model,List of used features,RMSE_train,RMSE_valid,MAE_train,MAE_valid,r2_train,r2_valid,expl_variance_train,expl_variance_valid,corr_coef_train,corr_coef_valid,VIFs
LinearRegression(),"['log_Area', 'Manhattan_distance', 'District_Zuid-Oost', 'District_the_rest']",191407,271648,102272,102456,0.8507889097256401,0.788446599852809,0.8518550179637656,0.7940297649285122,0.9063,0.9245773401942446,"[4.35, 8.22, 3.23, 4.0]"
LinearRegression(),"['log_Area', 'Manhattan_distance', 'District_Nieuw-West', 'District_Noord', 'District_Oost', 'District_West', 'District_Zuid', 'District_Zuid-Oost']",197704,270236,93104,92048,0.8690281639364893,0.7906397623480824,0.8698046302048368,0.7968029102319318,0.9217,0.94708139766489,"[6.06, 14.59, 3.84, 3.59, 1.98, 2.09, 2.04, 5.33]"
LinearRegression(),"['log_Area', 'Manhattan_distance', 'Region_1', 'District_Zuid-Oost', 'District_the_rest']",233789,271648,108540,102456,0.8507889097256403,0.7884465998528082,0.8518550179637655,0.7940297649285114,0.9013,0.9245773401942446,"[3.79, 8.13, inf, inf, 4.03]"
LinearRegression(),"['log_Area', 'Manhattan_distance', 'Region_1']",253703,272621,109130,101860,0.846804121413208,0.7869278162404919,0.8478114804717192,0.7920992515354173,0.9122,0.9208424036420935,"[4.18, 6.39, 2.23]"
LinearRegression(),"['log_Area', 'District_Zuid-Oost', 'District_the_rest']",268069,335543,132765,137928,0.782330300975385,0.6772231931592106,0.783123287243381,0.6876276515536367,0.8673,0.8588427747681693,"[3.2, 1.29, 2.9]"
LinearRegression(),"['log_Area', 'Manhattan_distance']",176844,269732,97956,101547,0.8463600465938887,0.7914207449892824,0.847386941703177,0.7965261445957308,0.9123,0.9212960771449576,"[3.34, 3.34]"
